[
    {
        "name": "Aachal kumari",
        "firstName": "Aachal",
        "middleName": "",
        "lastName": "kumari",
        "name2": "",
        "dob": "04/12/2006",
        "age": "18",
        "yob": "2006",
        "gender": "FEMALE",
        "aadhaarNumber": "422154550524",
        "aadhaarNumberList": "['4221 5455 0524']",
        "unmaskedAadhaarNumber": "422154550524",
        "address": "",
        "city": "",
        "state": "",
        "customerSignature": "0",
        "pincode": "",
        "address1_houseNo": "",
        "address2_nameOfPremise": "",
        "address3_buildingLevel": "",
        "address4_streetNo": "",
        "address5_streetName": "",
        "address6_locality": "",
        "address7_landmark": "",
        "address8_zipcode": "",
        "country": "",
        "address9_postalCode": "",
        "documentType": "AADHAAR CARD",
        "subDocumentType": "FRONT SIDE DOC",
        "bankOfficialSignature": "0",
        "bankSeal": "0",
        "pageNo": 1
    }
]