{
    "Kyc": [
        {
            "AADHAAR_NO_LIST": "['4221 5455 0524']",
            "AADHAAR_NUMBER": "422154550524",
            "AGE_YEARS": "18",
            "DATE_OF_BIRTH": "04/12/2006",
            "DOCUMENT_TYPE": "AADHAAR CARD",
            "FIRST_NAME": "Aachal",
            "FULL_NAME": "Aachal kumari",
            "GENDER": "FEMALE",
            "LAST_NAME": "kumari",
            "MASKED_AADHAAR_NUMBER": "XXXXXXXX0524",
            "MIDDLE_NAME": "",
            "SUB_TYPE": "FRONT SIDE DOC",
            "YEAR_OF_BIRTH": "2006"
        }
    ]
}