{
    "Requestobject": [
        {
            "File_Type": ".raw",
            "transaction_Id": "2729DF72CD--54ef1a",
            "document_Id": "2",
            "UserName": "MaxTrAIBI",
            "Password": "Pass@#01AIOCR",
            "Category": "KYC",
            "ImageBase64": "R09WRVJOTUVOVCBPRiBJTkRJQQpBYWNoYWwga3VtYXJpCkZhdGhlciA6TWFub2ogUmFtCi9ET0I6IDA0LzEyLzIwMDYKL0ZlbWFsZQo0MjIxIDU0NTUgMDUyNA==",
            "ImageBase64Sorted": "R09WRVJOTUVOVCBPRiBJTkRJQQpBYWNoYWwga3VtYXJpCkZhdGhlciA6TWFub2ogUmFtCi9ET0I6IDA0LzEyLzIwMDYKL0ZlbWFsZQo0MjIxIDU0NTUgMDUyNA==",
            "ImageBase64Sorted2": "R09WRVJOTUVOVCBPRiBJTkRJQQpBYWNoYWwga3VtYXJpCkZhdGhlciA6TWFub2ogUmFtCi9ET0I6IDA0LzEyLzIwMDYKL0ZlbWFsZQo0MjIxIDU0NTUgMDUyNA==",
            "ImageBase64Sorted4": "R09WRVJOTUVOVCBPRiBJTkRJQQpBYWNoYWwga3VtYXJpCkZhdGhlciA6TWFub2ogUmFtCi9ET0I6IDA0LzEyLzIwMDYKL0ZlbWFsZQo0MjIxIDU0NTUgMDUyNA=="
        }
    ],
    "DOC_TYPES": "PAN CARD,AADHAAR CARD,DRIVING LICENCE,VOTER CARD,PASSPORT,FOREIGN PASSPORT,VISA,CHEQUE",
    "detection": true,
    "source": "MIGRATED_PREPOP"
}