[
    {
        "name": {
            "confidenceScore": "98",
            "matchingScore": "0",
            "coordinate": {},
            "value": "Aachal kumari"
        },
        "firstName": {
            "confidenceScore": "98",
            "matchingScore": "0",
            "coordinate": {},
            "value": "Aachal"
        },
        "middleName": {
            "confidenceScore": "0",
            "matchingScore": "0",
            "coordinate": {},
            "value": ""
        },
        "lastName": {
            "confidenceScore": "98",
            "matchingScore": "0",
            "coordinate": {},
            "value": "kumari"
        },
        "name2": {
            "confidenceScore": "0",
            "matchingScore": "0",
            "coordinate": {},
            "value": ""
        },
        "dob": {
            "confidenceScore": "98",
            "matchingScore": "0",
            "coordinate": {},
            "value": "04/12/2006"
        },
        "age": {
            "confidenceScore": "98",
            "matchingScore": "0",
            "coordinate": {},
            "value": "18"
        },
        "yob": {
            "confidenceScore": "98",
            "matchingScore": "0",
            "coordinate": {},
            "value": "2006"
        },
        "gender": {
            "confidenceScore": "98",
            "matchingScore": "0",
            "coordinate": {},
            "value": "FEMALE"
        },
        "aadhaarNumber": {
            "confidenceScore": "99",
            "matchingScore": "0",
            "coordinate": {},
            "value": "422154550524"
        },
        "aadhaarNumberList": {
            "confidenceScore": "92",
            "matchingScore": "0",
            "coordinate": {},
            "value": "['4221 5455 0524']"
        },
        "unmaskedAadhaarNumber": {
            "confidenceScore": "99",
            "matchingScore": "0",
            "coordinate": {},
            "value": "422154550524"
        },
        "address": {
            "confidenceScore": "0",
            "matchingScore": "0",
            "coordinate": {},
            "value": ""
        },
        "city": {
            "confidenceScore": "0",
            "matchingScore": "0",
            "coordinate": {},
            "value": ""
        },
        "state": {
            "confidenceScore": "0",
            "matchingScore": "0",
            "coordinate": {},
            "value": ""
        },
        "customerSignature": {
            "confidenceScore": "0",
            "matchingScore": "0",
            "coordinate": {},
            "value": "0"
        },
        "pincode": {
            "confidenceScore": "0",
            "matchingScore": "0",
            "coordinate": {},
            "value": ""
        },
        "address1_houseNo": {
            "confidenceScore": "0",
            "matchingScore": "0",
            "coordinate": {},
            "value": ""
        },
        "address2_nameOfPremise": {
            "confidenceScore": "0",
            "matchingScore": "0",
            "coordinate": {},
            "value": ""
        },
        "address3_buildingLevel": {
            "confidenceScore": "0",
            "matchingScore": "0",
            "coordinate": {},
            "value": ""
        },
        "address4_streetNo": {
            "confidenceScore": "0",
            "matchingScore": "0",
            "coordinate": {},
            "value": ""
        },
        "address5_streetName": {
            "confidenceScore": "0",
            "matchingScore": "0",
            "coordinate": {},
            "value": ""
        },
        "address6_locality": {
            "confidenceScore": "0",
            "matchingScore": "0",
            "coordinate": {},
            "value": ""
        },
        "address7_landmark": {
            "confidenceScore": "0",
            "matchingScore": "0",
            "coordinate": {},
            "value": ""
        },
        "address8_zipcode": {
            "confidenceScore": "0",
            "matchingScore": "0",
            "coordinate": {},
            "value": ""
        },
        "country": {
            "confidenceScore": "0",
            "matchingScore": "0",
            "coordinate": {},
            "value": ""
        },
        "address9_postalCode": {
            "confidenceScore": "0",
            "matchingScore": "0",
            "coordinate": {},
            "value": ""
        },
        "documentType": {
            "confidenceScore": "100",
            "matchingScore": "0",
            "coordinate": {},
            "value": "AADHAAR CARD"
        },
        "subDocumentType": {
            "confidenceScore": "100",
            "matchingScore": "0",
            "coordinate": {},
            "value": "FRONT SIDE DOC"
        },
        "bankOfficialSignature": {
            "confidenceScore": "0",
            "matchingScore": "0",
            "coordinate": {},
            "value": "0"
        },
        "bankSeal": {
            "confidenceScore": "0",
            "matchingScore": "0",
            "coordinate": {},
            "value": "0"
        },
        "pageNo": {
            "confidenceScore": "100",
            "matchingScore": "0",
            "coordinate": {},
            "value": [
                1
            ]
        }
    }
]